,precision,recall,f1-score,support
Normal,0.9487179487179487,0.9024390243902439,0.9249999999999999,533.0
Viral,0.9806338028169014,0.9964221824686941,0.9884649511978705,559.0
COVID-19,0.9962264150943396,0.9869158878504672,0.9915492957746478,535.0
Lung_Opacity,0.916504854368932,0.9574036511156186,0.9365079365079364,493.0
accuracy,0.9613207547169811,0.9613207547169811,0.9613207547169811,0.9613207547169811
macro avg,0.9605207552495303,0.960795186456256,0.9603805458701137,2120.0
weighted avg,0.9616315979814478,0.9613207547169811,0.96120480832899,2120.0
