,precision,recall,f1-score,support
Normal,0.8959044368600683,0.9162303664921466,0.9059534081104401,573.0
Viral,0.9907407407407407,0.9852670349907919,0.9879963065558632,543.0
COVID-19,0.9621052631578947,0.9481327800829875,0.955067920585162,482.0
Lung_Opacity,0.9036608863198459,0.8984674329501916,0.9010566762728146,522.0
accuracy,0.9367924528301886,0.9367924528301886,0.9367924528301886,0.9367924528301886
macro avg,0.9381028317696374,0.9370244036290294,0.9375185778810701,2120.0
weighted avg,0.9371562188887294,0.9367924528301886,0.9369281226620627,2120.0
