,precision,recall,f1-score,support
Normal,0.9090909090909091,0.88,0.8943089430894309,500.0
Viral,0.977818853974122,0.9943609022556391,0.9860205032618826,532.0
COVID-19,0.9939516129032258,0.9781746031746031,0.986,504.0
Lung_Opacity,0.9198664440734557,0.9434931506849316,0.9315300084530853,584.0
accuracy,0.9495283018867925,0.9495283018867925,0.9495283018867925,0.9495283018867925
macro avg,0.9501819550104281,0.9490071640287934,0.9494648637010997,2120.0
weighted avg,0.9494805193876468,0.9495283018867925,0.9493749548191693,2120.0
