,precision,recall,f1-score,support
Normal,0.8940520446096655,0.9449901768172888,0.9188156638013373,509.0
Viral,0.9960861056751468,0.960377358490566,0.9779058597502401,530.0
COVID-19,0.9688715953307393,0.996,0.9822485207100591,500.0
Lung_Opacity,0.9605026929982047,0.9208261617900172,0.9402460456942003,581.0
accuracy,0.9542452830188679,0.9542452830188679,0.9542452830188679,0.9542452830188679
macro avg,0.954878109653439,0.9555484242744681,0.9548040224889593,2120.0
weighted avg,0.955417919345035,0.9542452830188679,0.9544219299272962,2120.0
