,precision,recall,f1-score,support
Normal,0.9319148936170213,0.8884381338742393,0.909657320872274,493.0
Viral,0.9803220035778175,0.9963636363636363,0.9882777276825969,550.0
COVID-19,1.0,0.9851576994434137,0.9925233644859813,539.0
Lung_Opacity,0.9214285714285714,0.9591078066914498,0.9398907103825136,538.0
accuracy,0.9589622641509434,0.9589622641509434,0.9589622641509434,0.9589622641509434
macro avg,0.9584163671558525,0.9572668190931848,0.9575872808558414,2120.0
weighted avg,0.9591225075233786,0.9589622641509434,0.9587948608769791,2120.0
