,precision,recall,f1-score,support
Normal,0.931095406360424,0.9777365491651205,0.9538461538461538,539.0
Viral,0.992619926199262,0.9889705882352942,0.990791896869245,544.0
COVID-19,0.99812382739212,0.9906890130353817,0.994392523364486,537.0
Lung_Opacity,0.9707724425887265,0.93,0.9499489274770175,500.0
accuracy,0.9726415094339622,0.9726415094339622,0.9726415094339622,0.9726415094339622
macro avg,0.9731529006351332,0.9718490376089491,0.9722448753892255,2120.0
weighted avg,0.9732190473983955,0.9726415094339622,0.9726778856628226,2120.0
