,precision,recall,f1-score,support
Normal,0.8982456140350877,0.9624060150375939,0.9292196007259527,532.0
Viral,0.9962962962962963,0.9676258992805755,0.9817518248175183,556.0
COVID-19,1.0,0.9859437751004017,0.9929221435793731,498.0
Lung_Opacity,0.9576107899807321,0.9307116104868914,0.9439696106362773,534.0
accuracy,0.9613207547169811,0.9613207547169811,0.9613207547169811,0.9613207547169811
macro avg,0.963038175078029,0.9616718249763656,0.9619657949397803,2120.0
weighted avg,0.9628167779514709,0.9613207547169811,0.9616763404561541,2120.0
