,precision,recall,f1-score,support
Normal,0.8861209964412812,0.9325842696629213,0.9087591240875913,534.0
Viral,0.9941860465116279,0.9606741573033708,0.9771428571428572,534.0
COVID-19,0.9922330097087378,0.988394584139265,0.9903100775193797,517.0
Lung_Opacity,0.9392789373814042,0.9252336448598131,0.9322033898305084,535.0
accuracy,0.9514150943396227,0.9514150943396227,0.9514150943396227,0.9514150943396227
macro avg,0.9529547475107628,0.9517216639913425,0.9521038621450841,2120.0
weighted avg,0.9526333294600576,0.9514150943396227,0.951788104534859,2120.0
