,precision,recall,f1-score,support
Normal,0.8853754940711462,0.919917864476386,0.9023162134944611,487.0
Viral,0.988909426987061,0.9692028985507246,0.9789569990850869,552.0
COVID-19,0.97678916827853,0.9824902723735408,0.9796314258001939,514.0
Lung_Opacity,0.9370503597122302,0.9188712522045855,0.9278717720391807,567.0
accuracy,0.9476415094339623,0.9476415094339623,0.9476415094339623,0.9476415094339623
macro avg,0.9470311122622419,0.9476205719013092,0.9471941026047306,2120.0
weighted avg,0.9483174791327853,0.9476415094339623,0.9478519372991913,2120.0
