,precision,recall,f1-score,support
Normal,0.9001782531194296,0.9546313799621928,0.926605504587156,529.0
Viral,0.9835766423357665,0.9746835443037974,0.9791099000908265,553.0
COVID-19,0.9902534113060428,0.9657794676806084,0.9778633301251203,526.0
Lung_Opacity,0.9538152610441767,0.927734375,0.9405940594059407,512.0
accuracy,0.9561320754716981,0.9561320754716981,0.9561320754716981,0.9561320754716981
macro avg,0.9569558919513538,0.9557071917366496,0.9560431985522608,2120.0
weighted avg,0.9572353241101199,0.9561320754716981,0.9563973380841921,2120.0
