,precision,recall,f1-score,support
Normal,0.9045871559633027,0.9372623574144486,0.9206349206349206,526.0
Viral,0.9926062846580407,0.9538188277087034,0.9728260869565217,563.0
COVID-19,0.970703125,0.9959919839679359,0.983184965380811,499.0
Lung_Opacity,0.9521072796934866,0.9342105263157895,0.9430740037950663,532.0
accuracy,0.9547169811320755,0.9547169811320755,0.9547169811320755,0.9547169811320755
macro avg,0.9550009613287076,0.9553209238517193,0.9549299941918299,2120.0
weighted avg,0.9554491105995797,0.9547169811320755,0.9548489259219293,2120.0
