,precision,recall,f1-score,support
Normal,0.9308176100628931,0.8862275449101796,0.9079754601226994,501.0
Viral,0.9797047970479705,0.9833333333333333,0.9815157116451017,540.0
COVID-19,0.9944547134935305,0.9871559633027523,0.990791896869245,545.0
Lung_Opacity,0.9196428571428571,0.9644194756554307,0.9414990859232176,534.0
accuracy,0.9566037735849057,0.9566037735849057,0.9566037735849057,0.9566037735849057
macro avg,0.9561549944368128,0.955284079300424,0.9554455386400659,2120.0
weighted avg,0.9568147724602233,0.9566037735849057,0.9564416440974359,2120.0
