,precision,recall,f1-score,support
Normal,0.9148148148148149,0.937381404174573,0.9259606373008434,527.0
Viral,0.9980237154150198,0.9711538461538461,0.9844054580896686,520.0
COVID-19,0.9850187265917603,0.9962121212121212,0.9905838041431262,528.0
Lung_Opacity,0.9481481481481482,0.9394495412844037,0.943778801843318,545.0
accuracy,0.9608490566037736,0.9608490566037736,0.9608490566037736,0.9608490566037736
macro avg,0.9615013512424357,0.9610492282062361,0.9611821753442391,2120.0
weighted avg,0.9612784753794378,0.9608490566037736,0.9609715988945052,2120.0
