,precision,recall,f1-score,support
Normal,0.9080459770114943,0.9330708661417323,0.920388349514563,508.0
Viral,0.9980430528375733,0.9695817490494296,0.9836065573770493,526.0
COVID-19,0.9717514124293786,1.0,0.9856733524355301,516.0
Lung_Opacity,0.947841726618705,0.9245614035087719,0.9360568383658969,570.0
accuracy,0.9561320754716981,0.9561320754716981,0.9561320754716981,0.9561320754716981
macro avg,0.9564205422242879,0.9568035046749834,0.9564312744232598,2120.0
weighted avg,0.956580903349351,0.9561320754716981,0.956176499273123,2120.0
