,precision,recall,f1-score,support
Normal,0.9003378378378378,0.9551971326164874,0.9269565217391303,558.0
Viral,0.9841897233201581,0.9822485207100592,0.983218163869694,507.0
COVID-19,0.9923371647509579,0.975517890772128,0.9838556505223173,531.0
Lung_Opacity,0.956,0.9122137404580153,0.93359375,524.0
accuracy,0.9561320754716981,0.9561320754716981,0.9561320754716981,0.9561320754716981
macro avg,0.9582161814772384,0.9562943211391725,0.9569060215327854,2120.0
weighted avg,0.9571923291130151,0.9561320754716981,0.9563036903960944,2120.0
