,precision,recall,f1-score,support
Normal,0.9281553398058252,0.9715447154471545,0.9493545183714003,492.0
Viral,0.9905123339658444,0.9867674858223062,0.9886363636363636,529.0
COVID-19,0.9910233393177738,0.9928057553956835,0.9919137466307278,556.0
Lung_Opacity,0.9654510556621881,0.9263351749539595,0.9454887218045113,543.0
accuracy,0.9693396226415094,0.9693396226415094,0.9693396226415094,0.9693396226415094
macro avg,0.9687855171879078,0.969363282904776,0.9688483376107507,2120.0
weighted avg,0.9697558262913433,0.9693396226415094,0.9693280558815566,2120.0
