,precision,recall,f1-score,support
Normal,0.8944543828264758,0.9560229445506692,0.9242144177449167,523.0
Viral,0.9855595667870036,0.9732620320855615,0.9793721973094169,561.0
COVID-19,0.982824427480916,0.982824427480916,0.982824427480916,524.0
Lung_Opacity,0.9751552795031055,0.919921875,0.9467336683417085,512.0
accuracy,0.9584905660377359,0.9584905660377359,0.9584905660377359,0.9584905660377359
macro avg,0.9594984141493752,0.9580078197792866,0.9582861777192395,2120.0
weighted avg,0.9598953124015783,0.9584905660377359,0.9587356515859099,2120.0
