,precision,recall,f1-score,support
Normal,0.9121265377855887,0.9041811846689896,0.9081364829396326,574.0
Viral,0.9961089494163424,0.9752380952380952,0.9855630413859481,525.0
COVID-19,0.9689922480620154,0.9746588693957114,0.9718172983479105,513.0
Lung_Opacity,0.8944337811900192,0.9173228346456693,0.9057337220602526,508.0
accuracy,0.9419811320754717,0.9419811320754717,0.9419811320754717,0.9419811320754717
macro avg,0.9429153791134914,0.9428502459871164,0.9428126361834359,2120.0
weighted avg,0.9424449128456845,0.9419811320754717,0.9421443126387068,2120.0
