,precision,recall,f1-score,support
Normal,0.9222614840989399,0.9508196721311475,0.9363228699551569,549.0
Viral,0.9872262773722628,0.9944852941176471,0.9908424908424909,544.0
COVID-19,0.9917184265010351,0.9917184265010351,0.9917184265010351,483.0
Lung_Opacity,0.9502868068833652,0.9136029411764706,0.9315838800374883,544.0
accuracy,0.9617924528301887,0.9617924528301887,0.9617924528301887,0.9617924528301887
macro avg,0.9628732487139008,0.962656583481575,0.9626169168340428,2120.0
weighted avg,0.9619474870780094,0.9617924528301887,0.9617175478132499,2120.0
