,precision,recall,f1-score,support
Normal,0.9186046511627907,0.8602540834845736,0.8884723523898782,551.0
Viral,0.9771863117870723,0.982791586998088,0.9799809342230696,523.0
COVID-19,1.0,0.9836065573770492,0.9917355371900827,549.0
Lung_Opacity,0.8773234200743495,0.9496981891348089,0.9120772946859903,497.0
accuracy,0.9433962264150944,0.9433962264150944,0.9433962264150944,0.9433962264150944
macro avg,0.9432785957560531,0.9440876042486299,0.9430665296222551,2120.0
weighted avg,0.9444572375624002,0.9433962264150944,0.9433224151612175,2120.0
