,precision,recall,f1-score,support
Normal,0.8905950095969289,0.945010183299389,0.9169960474308301,491.0
Viral,0.9925373134328358,0.9708029197080292,0.981549815498155,548.0
COVID-19,0.9945054945054945,0.9926873857404022,0.9935956084172004,547.0
Lung_Opacity,0.9593810444874274,0.9288389513108615,0.9438629876308278,534.0
accuracy,0.9599056603773585,0.9599056603773585,0.9599056603773585,0.9599056603773585
macro avg,0.9592547155056717,0.9593348600146704,0.9590011147442534,2120.0
weighted avg,0.9610832927943764,0.9599056603773585,0.9602141468776403,2120.0
