,precision,recall,f1-score,support
Normal,0.9086115992970123,0.9434306569343066,0.9256938227394808,548.0
Viral,0.9935622317596566,0.9526748971193416,0.9726890756302522,486.0
COVID-19,0.9706422018348624,0.9943609022556391,0.9823584029712165,532.0
Lung_Opacity,0.9462962962962963,0.9223826714801444,0.9341864716636197,554.0
accuracy,0.9528301886792453,0.9528301886792453,0.9528301886792453,0.9528301886792453
macro avg,0.9547780822969569,0.9532122819473579,0.9537319432511423,2120.0
weighted avg,0.9535000946104957,0.9528301886792453,0.9529061704244671,2120.0
