,precision,recall,f1-score,support
Normal,0.9120287253141831,0.9321100917431193,0.9219600725952813,545.0
Viral,0.9922027290448343,0.9713740458015268,0.9816779170684667,524.0
COVID-19,0.9744094488188977,0.9939759036144579,0.9840954274353877,498.0
Lung_Opacity,0.9464944649446494,0.9276672694394213,0.9369863013698629,553.0
accuracy,0.9551886792452831,0.9551886792452831,0.9551886792452831,0.9551886792452831
macro avg,0.9562838420306411,0.9562818276496313,0.9561799296172496,2120.0
weighted avg,0.9554892594065684,0.9551886792452831,0.9552360451078595,2120.0
