,precision,recall,f1-score,support
Normal,0.9325259515570934,0.9676840215439856,0.9497797356828194,557.0
Viral,0.9847328244274809,0.9904030710172744,0.9875598086124402,521.0
COVID-19,1.0,0.9942748091603053,0.9971291866028708,524.0
Lung_Opacity,0.9678068410462777,0.9285714285714286,0.9477832512315272,518.0
accuracy,0.9702830188679246,0.9702830188679246,0.9702830188679246,0.9702830188679246
macro avg,0.971266404257713,0.9702333325732484,0.9705629955324144,2120.0
weighted avg,0.9706541038707504,0.9702830188679246,0.9702799014057769,2120.0
