,precision,recall,f1-score,support
Normal,0.8762475049900199,0.9320594479830149,0.9032921810699589,471.0
Viral,0.9910233393177738,0.9945945945945946,0.9928057553956835,555.0
COVID-19,0.9810964083175804,0.9646840148698885,0.9728209934395502,538.0
Lung_Opacity,0.9362101313320825,0.8974820143884892,0.9164370982552801,556.0
accuracy,0.9476415094339623,0.9476415094339623,0.9476415094339623,0.9476415094339623
macro avg,0.9461443459893641,0.9472050179589968,0.9463390070401182,2120.0
weighted avg,0.9486288815411132,0.9476415094339623,0.9478181757683815,2120.0
