,precision,recall,f1-score,support
Normal,0.8855534709193246,0.9346534653465347,0.9094412331406551,505.0
Viral,0.9944237918215614,0.9605026929982047,0.9771689497716894,557.0
COVID-19,0.9779005524861878,0.9925233644859813,0.9851576994434138,535.0
Lung_Opacity,0.9545454545454546,0.9235181644359465,0.9387755102040816,523.0
accuracy,0.9533018867924529,0.9533018867924529,0.9533018867924529,0.9533018867924529
macro avg,0.953105817443132,0.9527994218166669,0.9526358481399599,2120.0
weighted avg,0.9544823694180432,0.9533018867924529,0.9535801362253883,2120.0
