,precision,recall,f1-score,support
Normal,0.933456561922366,0.974903474903475,0.9537299338999056,518.0
Viral,0.9939879759519038,0.9880478087649402,0.991008991008991,502.0
COVID-19,0.9946140035906643,0.992831541218638,0.9937219730941705,558.0
Lung_Opacity,0.9732313575525813,0.9391143911439115,0.9558685446009391,542.0
accuracy,0.9735849056603774,0.9735849056603774,0.9735849056603774,0.9735849056603774
macro avg,0.9738224747543789,0.9737243040077412,0.9735823606510016,2120.0
weighted avg,0.9740558833965713,0.9735849056603774,0.9736302978334531,2120.0
