,precision,recall,f1-score,support
Normal,0.8971631205673759,0.9387755102040817,0.9174977334542158,539.0
Viral,0.9921722113502935,0.9548022598870056,0.9731285988483684,531.0
COVID-19,0.996268656716418,0.996268656716418,0.996268656716418,536.0
Lung_Opacity,0.9430255402750491,0.933852140077821,0.9384164222873901,514.0
accuracy,0.9561320754716981,0.9561320754716981,0.9561320754716981,0.9561320754716981
macro avg,0.9571573822272841,0.9559246417213316,0.956327852826598,2120.0
weighted avg,0.9571365537331117,0.9561320754716981,0.9564191534792569,2120.0
