Model,CPU TOTAL TIME,GPU TOTAL TIME,CPU MEM MIN,CPU MEM MAX,GPU MEM MIN,GPU MEM MAX,TOTAL CALLS
ResNet,3581.6483239999984,13472.128297327516,0.0,0.0,0.0,33241600.0,21240
DenseNet,16515.020502999996,37265.62447499275,0.0,0.0,0.0,33532455.0,129564
