Model,CPU TOTAL TIME,GPU TOTAL TIME,CPU MEM MIN,CPU MEM MAX,GPU MEM MIN,GPU MEM MAX,TOTAL CALLS
ResNet,342099.03342500003,0.0,0.0,46538240.0,0.0,0.0,56640
DenseNet,273087.930638,0.0,0.0,33243016.0,0.0,0.0,129564
ResNet,342099.03342500003,0.0,0.0,46538240.0,0.0,0.0,56640
AlexNet,47646.23959600003,0.0,0.0,8016250.0,0.0,0.0,7434
GoogLeNet,140058.99214199992,0.0,0.0,33241954.0,0.0,0.0,46020
VGG,1072429.985794,0.0,0.0,132966400.0,0.0,0.0,15930
