Model,CPU TOTAL TIME,GPU TOTAL TIME,CPU MEM MIN,CPU MEM MAX,GPU MEM MIN,GPU MEM MAX,TOTAL CALLS
ResNet,7634.126582,32714.750807919503,0.0,0.0,0.0,33241600.0,56640
DenseNet,16581.267715,37318.516093255996,0.0,0.0,0.0,33254340.0,129564
ResNet,7634.126582,32714.750807919503,0.0,0.0,0.0,33241600.0,56640
AlexNet,1162.3530079999991,4345.992198261261,0.0,0.0,0.0,16492406.5,7434
GoogLeNet,7625.8201229999995,17149.020860316752,0.0,0.0,0.0,33674392.5,46020
VGG,2495.160698,43695.01865604258,0.0,0.0,0.0,107198269.0,15930
