Model,CPU TOTAL TIME,GPU TOTAL TIME,CPU MEM MIN,CPU MEM MAX,GPU MEM MIN,GPU MEM MAX,TOTAL CALLS,PARAMS
resnet18,104516.69774499998,0.0,0.0,33241954.0,0.0,0.0,21240,11178564
densenet,272571.440515,0.0,0.0,33243016.0,0.0,0.0,129564,6957956
resnet50,342576.308439,0.0,0.0,46538240.0,0.0,0.0,56640,23639428
alexnet,47798.315599000045,0.0,0.0,8016250.0,0.0,0.0,7434,44421956
mobilenet,309378.46821897535,0.0,0.0,74404050.0,0.0,0.0,47436,1521956
googlenet,129565.11537999997,0.0,0.0,33241954.0,0.0,0.0,46020,5604004
vgg19,1064106.3913460006,0.0,0.0,132966400.0,0.0,0.0,15930,143683628
squeezenet,76097.29485900002,0.0,0.0,47226975.0,0.0,0.0,20178,737476
