Model,CPU TOTAL TIME,GPU TOTAL TIME,CPU MEM MIN,CPU MEM MAX,GPU MEM MIN,GPU MEM MAX,TOTAL CALLS,PARAMS
resnet18,3503.8514600000008,13402.989555057049,0.0,0.0,0.0,33241600.0,21240,11178564
densenet,16482.400649,37236.49938946962,0.0,0.0,0.0,33245520.0,129564,6957956
resnet50,7488.718388999999,32577.571952818394,0.0,0.0,0.0,33241600.0,56640,23639428
alexnet,1151.8081349999993,4329.16611482811,0.0,0.0,0.0,16492406.5,7434,44421956
mobilenet,6988.432503000002,8529.980225967407,0.0,0.0,0.0,9349200.0,47436,1521956
googlenet,7398.892945999998,16943.357191066745,0.0,0.0,0.0,33822730.0,46020,5604004
vgg19,2520.799275999999,43628.80696806526,0.0,0.0,0.0,107198269.0,15930,143683628
squeezenet,3488.725313000001,8186.611103299617,0.0,0.0,0.0,37810436.0,20178,737476
