,Accuracy,F1 Score,Number of Images
resnet18,0.9608490566037736,0.9608382064532102,2124
densenet,0.9726415094339622,0.9726051332051019,2124
resnet50,0.9589622641509434,0.9591296674249076,2124
alexnet,0.9476415094339623,0.9474648430995432,2124
mobilenet,0.9518867924528301,0.9518029002537052,2124
googlenet,0.9608490566037736,0.9607265143130419,2124
vgg19,0.9561320754716981,0.9559604605473019,2124
squeezenet,0.9504716981132075,0.9504804453651656,2124
