,Accuracy,F1 Score,Number of Images
resnet18,0.9547169811320755,0.9545850363422216,2124
densenet,0.9735849056603774,0.9735516995166023,2124
resnet50,0.9481132075471698,0.9482073616837658,2124
alexnet,0.944811320754717,0.9448980119798941,2124
mobilenet,0.9566037735849057,0.9566323712563863,2124
googlenet,0.9533018867924529,0.9530413368404093,2124
vgg19,0.9584905660377359,0.9582454804895616,2124
squeezenet,0.9518867924528301,0.951909882413387,2124
