,Accuracy,F1 Score,Number of Images
resnet18,0.9594339622641509,0.9593073145012296,2124
densenet,0.9669811320754716,0.9669769953904598,2124
resnet50,0.9584905660377359,0.9584408779242346,2124
alexnet,0.9372641509433962,0.9370890727237821,2124
mobilenet,0.9419811320754717,0.9418179515122366,2124
googlenet,0.9514150943396227,0.9510420841443864,2124
vgg19,0.9523584905660377,0.9520519882544767,2124
