,Accuracy,F1 Score,Number of Images
resnet18,0.9542452830188679,0.9540686361104397,2124
densenet,0.9674528301886792,0.9674650649052182,2124
