,Accuracy,F1 Score,Number of Images
resnet18,0.9551886792452831,0.9551413133827065,2124
densenet,0.9735849056603774,0.9735395134873016,2124
