,Accuracy,F1 Score,Number of Images
resnet18,0.9561320754716981,0.9560876516702732,2124
densenet,0.9641509433962264,0.9640839919154881,2124
resnet50,0.9566037735849057,0.9567659030723755,2124
alexnet,0.9367924528301886,0.9366567829983146,2124
mobilenet,0.9476415094339623,0.947431081568733,2124
googlenet,0.9599056603773585,0.9595971738770769,2124
vgg19,0.9561320754716981,0.9558668128592039,2124
