,Accuracy,F1 Score,Number of Images
resnet18,0.9589622641509434,0.9588689677608581,2124
densenet,0.975,0.9749592885050951,2124
